ProteinName,PeptideSequence,PrecursorCharge,FragmentIon,ProductCharge,IsotopeLabelType,Condition,BioReplicate,Run,Intensity
sp|O13563|RPN13_YEAST,MIGVLNNSSESDEEESNDEKQK,3,NA,NA,L,WT,1,3-9-2023_JCI_230308_DDA_TiO2-10L_S1-A5_199,NA
sp|O13563|RPN13_YEAST,MIGVLNNSSESDEEESNDEKQK,3,NA,NA,L,WT,2,CR_Tio2-WT_1715,NA
sp|O13563|RPN13_YEAST,MIGVLNNSSESDEEESNDEKQK,3,NA,NA,L,MUT,1,CR_Tio2-phos85D_1716,NA
sp|O13563|RPN13_YEAST,MIGVLNNSSESDEEESNDEKQK,3,NA,NA,L,WT,3,JCI-TiO2-DDAphosMethod-WT_1338,NA
sp|O13563|RPN13_YEAST,MIGVLNNSSESDEEESNDEKQK,3,NA,NA,L,MUT,2,JCI-TiO2-DDAphosMethod-rho_1339,44400.42
sp|O13563|RPN13_YEAST,MIGVLNNSSESDEEESNDEKQK,3,NA,NA,L,WT,4,JCI-TiO2-DDAstd-WT_1335,NA
sp|O13563|RPN13_YEAST,MIGVLNNSSESDEEESNDEKQK,3,NA,NA,L,MUT,3,JCI-TiO2-DDAstd-rho_1336,NA
sp|O13563|RPN13_YEAST,MIGVLNNSSESDEEESNDEKQK,3,NA,NA,L,MUT,4,JCI_230921_TiO2-phos85D_1660,NA
sp|O13563|RPN13_YEAST,MIGVLNNSSESDEEESNDEKQK,3,NA,NA,L,WT,1,3-9-2023_JCI_230308_DDA_TiO2-10L_S1-A5_199,NA
sp|O13563|RPN13_YEAST,MIGVLNNSSESDEEESNDEKQK,3,NA,NA,L,WT,2,CR_Tio2-WT_1715,NA
sp|O13563|RPN13_YEAST,MIGVLNNSSESDEEESNDEKQK,3,NA,NA,L,MUT,1,CR_Tio2-phos85D_1716,NA
sp|O13563|RPN13_YEAST,MIGVLNNSSESDEEESNDEKQK,3,NA,NA,L,WT,3,JCI-TiO2-DDAphosMethod-WT_1338,NA
sp|O13563|RPN13_YEAST,MIGVLNNSSESDEEESNDEKQK,3,NA,NA,L,MUT,2,JCI-TiO2-DDAphosMethod-rho_1339,54096.2
sp|O13563|RPN13_YEAST,MIGVLNNSSESDEEESNDEKQK,3,NA,NA,L,WT,4,JCI-TiO2-DDAstd-WT_1335,NA
sp|O13563|RPN13_YEAST,MIGVLNNSSESDEEESNDEKQK,3,NA,NA,L,MUT,3,JCI-TiO2-DDAstd-rho_1336,42032.559
sp|O13563|RPN13_YEAST,MIGVLNNSSESDEEESNDEKQK,3,NA,NA,L,MUT,4,JCI_230921_TiO2-phos85D_1660,NA
sp|O74302|YD13A_YEAST,MESQQLSQHSPISHGSACASVTSK,3,NA,NA,L,WT,1,3-9-2023_JCI_230308_DDA_TiO2-10L_S1-A5_199,NA
sp|O74302|YD13A_YEAST,MESQQLSQHSPISHGSACASVTSK,3,NA,NA,L,WT,2,CR_Tio2-WT_1715,45441.47
sp|O74302|YD13A_YEAST,MESQQLSQHSPISHGSACASVTSK,3,NA,NA,L,MUT,1,CR_Tio2-phos85D_1716,NA
sp|O74302|YD13A_YEAST,MESQQLSQHSPISHGSACASVTSK,3,NA,NA,L,WT,3,JCI-TiO2-DDAphosMethod-WT_1338,NA
sp|O74302|YD13A_YEAST,MESQQLSQHSPISHGSACASVTSK,3,NA,NA,L,MUT,2,JCI-TiO2-DDAphosMethod-rho_1339,NA
sp|O74302|YD13A_YEAST,MESQQLSQHSPISHGSACASVTSK,3,NA,NA,L,WT,4,JCI-TiO2-DDAstd-WT_1335,NA
sp|O74302|YD13A_YEAST,MESQQLSQHSPISHGSACASVTSK,3,NA,NA,L,MUT,3,JCI-TiO2-DDAstd-rho_1336,NA
sp|O74302|YD13A_YEAST,MESQQLSQHSPISHGSACASVTSK,3,NA,NA,L,MUT,4,JCI_230921_TiO2-phos85D_1660,NA
sp|O74302|YD13A_YEAST,MESQQLSQHSPISHGSACASVTSK,3,NA,NA,L,WT,1,3-9-2023_JCI_230308_DDA_TiO2-10L_S1-A5_199,NA
sp|O74302|YD13A_YEAST,MESQQLSQHSPISHGSACASVTSK,3,NA,NA,L,WT,2,CR_Tio2-WT_1715,39071.486
sp|O74302|YD13A_YEAST,MESQQLSQHSPISHGSACASVTSK,3,NA,NA,L,MUT,1,CR_Tio2-phos85D_1716,NA
sp|O74302|YD13A_YEAST,MESQQLSQHSPISHGSACASVTSK,3,NA,NA,L,WT,3,JCI-TiO2-DDAphosMethod-WT_1338,49027.117
sp|O74302|YD13A_YEAST,MESQQLSQHSPISHGSACASVTSK,3,NA,NA,L,MUT,2,JCI-TiO2-DDAphosMethod-rho_1339,NA
sp|O74302|YD13A_YEAST,MESQQLSQHSPISHGSACASVTSK,3,NA,NA,L,WT,4,JCI-TiO2-DDAstd-WT_1335,25728.36
sp|O74302|YD13A_YEAST,MESQQLSQHSPISHGSACASVTSK,3,NA,NA,L,MUT,3,JCI-TiO2-DDAstd-rho_1336,NA
sp|O74302|YD13A_YEAST,MESQQLSQHSPISHGSACASVTSK,3,NA,NA,L,MUT,4,JCI_230921_TiO2-phos85D_1660,50606.861
sp|O74302|YD13A_YEAST,MESQQLSQHSPISHGSACASVTSK,3,NA,NA,L,WT,1,3-9-2023_JCI_230308_DDA_TiO2-10L_S1-A5_199,NA
sp|O74302|YD13A_YEAST,MESQQLSQHSPISHGSACASVTSK,3,NA,NA,L,WT,2,CR_Tio2-WT_1715,NA
sp|O74302|YD13A_YEAST,MESQQLSQHSPISHGSACASVTSK,3,NA,NA,L,MUT,1,CR_Tio2-phos85D_1716,NA
sp|O74302|YD13A_YEAST,MESQQLSQHSPISHGSACASVTSK,3,NA,NA,L,WT,3,JCI-TiO2-DDAphosMethod-WT_1338,NA
sp|O74302|YD13A_YEAST,MESQQLSQHSPISHGSACASVTSK,3,NA,NA,L,MUT,2,JCI-TiO2-DDAphosMethod-rho_1339,29068.013
sp|O74302|YD13A_YEAST,MESQQLSQHSPISHGSACASVTSK,3,NA,NA,L,WT,4,JCI-TiO2-DDAstd-WT_1335,48775.5
sp|O74302|YD13A_YEAST,MESQQLSQHSPISHGSACASVTSK,3,NA,NA,L,MUT,3,JCI-TiO2-DDAstd-rho_1336,NA
sp|O74302|YD13A_YEAST,MESQQLSQHSPISHGSACASVTSK,3,NA,NA,L,MUT,4,JCI_230921_TiO2-phos85D_1660,NA
sp|P00445|SODC_YEAST,FEQASESEPTTVSYEIAGNSPNAER,2,NA,NA,L,WT,1,3-9-2023_JCI_230308_DDA_TiO2-10L_S1-A5_199,NA
sp|P00445|SODC_YEAST,FEQASESEPTTVSYEIAGNSPNAER,2,NA,NA,L,WT,2,CR_Tio2-WT_1715,35259.795
sp|P00445|SODC_YEAST,FEQASESEPTTVSYEIAGNSPNAER,2,NA,NA,L,MUT,1,CR_Tio2-phos85D_1716,NA
sp|P00445|SODC_YEAST,FEQASESEPTTVSYEIAGNSPNAER,2,NA,NA,L,WT,3,JCI-TiO2-DDAphosMethod-WT_1338,NA
sp|P00445|SODC_YEAST,FEQASESEPTTVSYEIAGNSPNAER,2,NA,NA,L,MUT,2,JCI-TiO2-DDAphosMethod-rho_1339,NA
sp|P00445|SODC_YEAST,FEQASESEPTTVSYEIAGNSPNAER,2,NA,NA,L,WT,4,JCI-TiO2-DDAstd-WT_1335,NA
sp|P00445|SODC_YEAST,FEQASESEPTTVSYEIAGNSPNAER,2,NA,NA,L,MUT,3,JCI-TiO2-DDAstd-rho_1336,NA
sp|P00445|SODC_YEAST,FEQASESEPTTVSYEIAGNSPNAER,2,NA,NA,L,MUT,4,JCI_230921_TiO2-phos85D_1660,NA
sp|P00445|SODC_YEAST,HVGDMGNVKTDENGVAK,3,NA,NA,L,WT,1,3-9-2023_JCI_230308_DDA_TiO2-10L_S1-A5_199,NA
sp|P00445|SODC_YEAST,HVGDMGNVKTDENGVAK,3,NA,NA,L,WT,2,CR_Tio2-WT_1715,47090.12
sp|P00445|SODC_YEAST,HVGDMGNVKTDENGVAK,3,NA,NA,L,MUT,1,CR_Tio2-phos85D_1716,NA
sp|P00445|SODC_YEAST,HVGDMGNVKTDENGVAK,3,NA,NA,L,WT,3,JCI-TiO2-DDAphosMethod-WT_1338,NA
sp|P00445|SODC_YEAST,HVGDMGNVKTDENGVAK,3,NA,NA,L,MUT,2,JCI-TiO2-DDAphosMethod-rho_1339,NA
sp|P00445|SODC_YEAST,HVGDMGNVKTDENGVAK,3,NA,NA,L,WT,4,JCI-TiO2-DDAstd-WT_1335,NA
sp|P00445|SODC_YEAST,HVGDMGNVKTDENGVAK,3,NA,NA,L,MUT,3,JCI-TiO2-DDAstd-rho_1336,NA
sp|P00445|SODC_YEAST,HVGDMGNVKTDENGVAK,3,NA,NA,L,MUT,4,JCI_230921_TiO2-phos85D_1660,NA
sp|P02400|RLA4_YEAST,FATVPTGGASSAAAGAAGAAAGGDAAEEEKEEEAKEESDDDMGFGLFD,3,NA,NA,L,WT,1,3-9-2023_JCI_230308_DDA_TiO2-10L_S1-A5_199,NA
sp|P02400|RLA4_YEAST,FATVPTGGASSAAAGAAGAAAGGDAAEEEKEEEAKEESDDDMGFGLFD,3,NA,NA,L,WT,2,CR_Tio2-WT_1715,NA
sp|P02400|RLA4_YEAST,FATVPTGGASSAAAGAAGAAAGGDAAEEEKEEEAKEESDDDMGFGLFD,3,NA,NA,L,MUT,1,CR_Tio2-phos85D_1716,NA
sp|P02400|RLA4_YEAST,FATVPTGGASSAAAGAAGAAAGGDAAEEEKEEEAKEESDDDMGFGLFD,3,NA,NA,L,WT,3,JCI-TiO2-DDAphosMethod-WT_1338,182842.8
sp|P02400|RLA4_YEAST,FATVPTGGASSAAAGAAGAAAGGDAAEEEKEEEAKEESDDDMGFGLFD,3,NA,NA,L,MUT,2,JCI-TiO2-DDAphosMethod-rho_1339,91160.492
sp|P02400|RLA4_YEAST,FATVPTGGASSAAAGAAGAAAGGDAAEEEKEEEAKEESDDDMGFGLFD,3,NA,NA,L,WT,4,JCI-TiO2-DDAstd-WT_1335,121482.805
sp|P02400|RLA4_YEAST,FATVPTGGASSAAAGAAGAAAGGDAAEEEKEEEAKEESDDDMGFGLFD,3,NA,NA,L,MUT,3,JCI-TiO2-DDAstd-rho_1336,50779.54
sp|P02400|RLA4_YEAST,FATVPTGGASSAAAGAAGAAAGGDAAEEEKEEEAKEESDDDMGFGLFD,3,NA,NA,L,MUT,4,JCI_230921_TiO2-phos85D_1660,NA
sp|P02400|RLA4_YEAST,FATVPTGGASSAAAGAAGAAAGGDAAEEEKEEEAKEESDDDMGFGLFD,4,NA,NA,L,WT,1,3-9-2023_JCI_230308_DDA_TiO2-10L_S1-A5_199,NA
sp|P02400|RLA4_YEAST,FATVPTGGASSAAAGAAGAAAGGDAAEEEKEEEAKEESDDDMGFGLFD,4,NA,NA,L,WT,2,CR_Tio2-WT_1715,NA
sp|P02400|RLA4_YEAST,FATVPTGGASSAAAGAAGAAAGGDAAEEEKEEEAKEESDDDMGFGLFD,4,NA,NA,L,MUT,1,CR_Tio2-phos85D_1716,NA
sp|P02400|RLA4_YEAST,FATVPTGGASSAAAGAAGAAAGGDAAEEEKEEEAKEESDDDMGFGLFD,4,NA,NA,L,WT,3,JCI-TiO2-DDAphosMethod-WT_1338,55273.465
sp|P02400|RLA4_YEAST,FATVPTGGASSAAAGAAGAAAGGDAAEEEKEEEAKEESDDDMGFGLFD,4,NA,NA,L,MUT,2,JCI-TiO2-DDAphosMethod-rho_1339,27288.379
sp|P02400|RLA4_YEAST,FATVPTGGASSAAAGAAGAAAGGDAAEEEKEEEAKEESDDDMGFGLFD,4,NA,NA,L,WT,4,JCI-TiO2-DDAstd-WT_1335,56355.08
sp|P02400|RLA4_YEAST,FATVPTGGASSAAAGAAGAAAGGDAAEEEKEEEAKEESDDDMGFGLFD,4,NA,NA,L,MUT,3,JCI-TiO2-DDAstd-rho_1336,23782.973
sp|P02400|RLA4_YEAST,FATVPTGGASSAAAGAAGAAAGGDAAEEEKEEEAKEESDDDMGFGLFD,4,NA,NA,L,MUT,4,JCI_230921_TiO2-phos85D_1660,NA
sp|P02400|RLA4_YEAST,FATVPTGGASSAAAGAAGAAAGGDAAEEEKEEEAKEESDDDMGFGLFD,3,NA,NA,L,WT,1,3-9-2023_JCI_230308_DDA_TiO2-10L_S1-A5_199,NA
sp|P02400|RLA4_YEAST,FATVPTGGASSAAAGAAGAAAGGDAAEEEKEEEAKEESDDDMGFGLFD,3,NA,NA,L,WT,2,CR_Tio2-WT_1715,NA
sp|P02400|RLA4_YEAST,FATVPTGGASSAAAGAAGAAAGGDAAEEEKEEEAKEESDDDMGFGLFD,3,NA,NA,L,MUT,1,CR_Tio2-phos85D_1716,NA
sp|P02400|RLA4_YEAST,FATVPTGGASSAAAGAAGAAAGGDAAEEEKEEEAKEESDDDMGFGLFD,3,NA,NA,L,WT,3,JCI-TiO2-DDAphosMethod-WT_1338,30869.537
sp|P02400|RLA4_YEAST,FATVPTGGASSAAAGAAGAAAGGDAAEEEKEEEAKEESDDDMGFGLFD,3,NA,NA,L,MUT,2,JCI-TiO2-DDAphosMethod-rho_1339,NA
sp|P02400|RLA4_YEAST,FATVPTGGASSAAAGAAGAAAGGDAAEEEKEEEAKEESDDDMGFGLFD,3,NA,NA,L,WT,4,JCI-TiO2-DDAstd-WT_1335,30077.96
sp|P02400|RLA4_YEAST,FATVPTGGASSAAAGAAGAAAGGDAAEEEKEEEAKEESDDDMGFGLFD,3,NA,NA,L,MUT,3,JCI-TiO2-DDAstd-rho_1336,NA
sp|P02400|RLA4_YEAST,FATVPTGGASSAAAGAAGAAAGGDAAEEEKEEEAKEESDDDMGFGLFD,3,NA,NA,L,MUT,4,JCI_230921_TiO2-phos85D_1660,NA
sp|P02400|RLA4_YEAST,FATVPTGGASSAAAGAAGAAAGGDAAEEEKEEEAKEESDDDMGFGLFD,4,NA,NA,L,WT,1,3-9-2023_JCI_230308_DDA_TiO2-10L_S1-A5_199,NA
sp|P02400|RLA4_YEAST,FATVPTGGASSAAAGAAGAAAGGDAAEEEKEEEAKEESDDDMGFGLFD,4,NA,NA,L,WT,2,CR_Tio2-WT_1715,NA
sp|P02400|RLA4_YEAST,FATVPTGGASSAAAGAAGAAAGGDAAEEEKEEEAKEESDDDMGFGLFD,4,NA,NA,L,MUT,1,CR_Tio2-phos85D_1716,NA
sp|P02400|RLA4_YEAST,FATVPTGGASSAAAGAAGAAAGGDAAEEEKEEEAKEESDDDMGFGLFD,4,NA,NA,L,WT,3,JCI-TiO2-DDAphosMethod-WT_1338,19424.299
sp|P02400|RLA4_YEAST,FATVPTGGASSAAAGAAGAAAGGDAAEEEKEEEAKEESDDDMGFGLFD,4,NA,NA,L,MUT,2,JCI-TiO2-DDAphosMethod-rho_1339,NA
sp|P02400|RLA4_YEAST,FATVPTGGASSAAAGAAGAAAGGDAAEEEKEEEAKEESDDDMGFGLFD,4,NA,NA,L,WT,4,JCI-TiO2-DDAstd-WT_1335,18153.773
sp|P02400|RLA4_YEAST,FATVPTGGASSAAAGAAGAAAGGDAAEEEKEEEAKEESDDDMGFGLFD,4,NA,NA,L,MUT,3,JCI-TiO2-DDAstd-rho_1336,NA
sp|P02400|RLA4_YEAST,FATVPTGGASSAAAGAAGAAAGGDAAEEEKEEEAKEESDDDMGFGLFD,4,NA,NA,L,MUT,4,JCI_230921_TiO2-phos85D_1660,NA
sp|P02400|RLA4_YEAST,FATVPTGGASSAAAGAAGAAAGGDAAEEEKEEEAKEESDDDMGFGLFD,3,NA,NA,L,WT,1,3-9-2023_JCI_230308_DDA_TiO2-10L_S1-A5_199,NA
sp|P02400|RLA4_YEAST,FATVPTGGASSAAAGAAGAAAGGDAAEEEKEEEAKEESDDDMGFGLFD,3,NA,NA,L,WT,2,CR_Tio2-WT_1715,NA
sp|P02400|RLA4_YEAST,FATVPTGGASSAAAGAAGAAAGGDAAEEEKEEEAKEESDDDMGFGLFD,3,NA,NA,L,MUT,1,CR_Tio2-phos85D_1716,NA
sp|P02400|RLA4_YEAST,FATVPTGGASSAAAGAAGAAAGGDAAEEEKEEEAKEESDDDMGFGLFD,3,NA,NA,L,WT,3,JCI-TiO2-DDAphosMethod-WT_1338,NA
sp|P02400|RLA4_YEAST,FATVPTGGASSAAAGAAGAAAGGDAAEEEKEEEAKEESDDDMGFGLFD,3,NA,NA,L,MUT,2,JCI-TiO2-DDAphosMethod-rho_1339,50823.02
sp|P02400|RLA4_YEAST,FATVPTGGASSAAAGAAGAAAGGDAAEEEKEEEAKEESDDDMGFGLFD,3,NA,NA,L,WT,4,JCI-TiO2-DDAstd-WT_1335,83515.89
sp|P02400|RLA4_YEAST,FATVPTGGASSAAAGAAGAAAGGDAAEEEKEEEAKEESDDDMGFGLFD,3,NA,NA,L,MUT,3,JCI-TiO2-DDAstd-rho_1336,NA
sp|P02400|RLA4_YEAST,FATVPTGGASSAAAGAAGAAAGGDAAEEEKEEEAKEESDDDMGFGLFD,3,NA,NA,L,MUT,4,JCI_230921_TiO2-phos85D_1660,NA